,Answer_1,Answer_10,Answer_11,Answer_12,Answer_13,Answer_14,Answer_15,Answer_16,Answer_17,Answer_18,Answer_19,Answer_2,Answer_20,Answer_21,Answer_3,Answer_4,Answer_5,Answer_6,Answer_7,Answer_8,Answer_9
0,0.0,0.12837837837837837,0.003256212510711225,0.08108108108108109,0.00242914979757085,0.12162162162162163,0.0032017075773745998,0.1081081081081081,0.003179650238473768,0.12162162162162163,0.0031852769421341354,0.0,0.05405405405405405,0.014109347442680775,0.0,0.10135135135135136,0.0026325026325026324,0.12162162162162163,0.0030933150025777623,0.08783783783783784,0.0023090586145648314
