,Answer_1,Answer_10,Answer_11,Answer_12,Answer_13,Answer_14,Answer_15,Answer_16,Answer_17,Answer_18,Answer_19,Answer_2,Answer_20,Answer_21,Answer_3,Answer_4,Answer_5,Answer_6,Answer_7,Answer_8,Answer_9
39,0.22641509433962265,0.08545034642032333,0.012774037631624375,0.07390300230946882,0.01294236602628918,0.09930715935334873,0.015019210618232623,0.06581986143187067,0.011399999999999999,0.08545034642032333,0.013316537700197948,0.013856812933025405,0.3602771362586605,0.6,0.00020411634631740093,0.08429561200923788,0.012843068261787475,0.09584295612009237,0.01420017108639863,0.07621247113163972,0.011664899257688228
